Read; Forward Start 5' -> 3'; Reverse Start 5' -> 3'; Number of Hits 
GCGCTGGCTGACGCGGAATTACGGCGCAAG; 566486; ; [2]
CATTCGTACCAGTAGCTGTAGCCCGGCTGA; 1892147; ; [2]
CAATATCTTTATACGCCATCGGGATTTCGT; 3556929; ; [2]
CACGCATATCTATCGTAATGGTGGGGAGCA; 1506635; ; [2]
CAATCCAGTTAGCATGGTAATAAAGAACAC; 4359745; ; [2]
CCAGCAAGGCGCTCACGACATTACTGGAGC; 3132302; ; [2]
CATGAACATGTTCAAACAGCAGCAGCGACG; ; ; [2]
CAGAATTTCTTCAACGGATTTACCACGCTT; 3444734; ; [2]
CATTTCTGGTCTGGATACCGGTAGCCCGTT; ; 1794575; [2]
GATTTGTTCGCTCATAAGAAATCCTTTCTT; 2153113; ; [2]
CGTTGAGCCGGAATACGTTCAGGCGATGCT; 3773857; ; [2]
TAATTACAGGCAGAAATGCGTGATGTGTGC; 475262; ; [2]
CGTTCCCCTGCCCTATAAAAGGAGGGTATG; 2062093; ; [2]
GCTTAATTACCGGGGGTCTGACAGAGTTGG; ; ; [2]
AATCCAAAAACAACTCCGGCGAATAATCGC; ; 2192749; [2]
TTCCGGCTCCCAACGAATGACTCTGACGGG; ; 3437580; [2]
TGGCCCCTCGCTTCTGGCGACTGCGCGTTC; 2184575; ; [2]
CACGTCGATGTATTATACGCGGGCTTTTGA; ; ; [2]
ATGACGCAACAGCAGGCATCAGGCTGGATT; 2813977; ; [2]
CGTGGCTATCTTCAAATCTTTCTTCGGTCA; ; 1377606; [2]
GCGGGTTTGCACCCAGAACGCGTGAATCAA; 2796875; ; [2]
ACGCTCTGGTTCCGGAATATAAGAATCCAG; 3470714; ; [2]
ACCGCACTGGACGTCTCTGTCCAGGCGCAG; 2276851; ; [2]
TACATGCCGGAATAGAACACCAGCAACTGA; 2424985; ; [2]
CGGAACAATTCCAGCGAATGCCAGCATTCT; 842624; ; [2]
AACGGCCCTTCGCAGACCCGATAGTTCATA; ; ; [2]
AAAAGAAAATTAAACAGGCAGACTACTGCC; ; ; [2]
GAACCAGTCACGCGCGCTATGGGCGTTGGT; ; 407217; [2]
CTTGGCTACCTGATCGCCGGCTGCATTATT; 47861; ; [2]
AATGTGGATCAACACATCGAACTGGGTCGT; 2550251; ; [2]
CAGATTCGCCACGAATACGCGCCAGCAGGC; 3577786; ; [2]
CTTTAGAGAACCAGCCATCTTTCTCGGCCA; 2638333; ; [2]
AGGACTTTCACCGTATGCAGCTTTTCACGA; 2373338; ; [2]
CTGCTTAAATGCACCCGCCAGAGAGCGAAT; 603418; ; [2]
CCATATTGCCCTGCAAACGCTGCATATGGC; 2430033; ; [2]
GAAGAACGCGATGCGCTATATCGCGAAGTT; 406812; ; [2]
GCGTAAATCCGCCTCTAACTCCGTTCTGTG; ; ; [2]
GGCATTATTGCTTCTCGCTCGTTTATTTCA; ; 1916277; [2]
GCGGGTGAATTTCGCGCAACTGACGTGGTG; ; ; [2]
TCCATTCAGGCGGCGTTAACGGTGGTTCGT; 460795; ; [2]
CCTGAAGCGAATCGCCATCAATTCTGCGCA; ; 4526059; [2]
ATGACCGCCTGCGGGGAGATGTGATAACGC; 2516009; ; [2]
GCATGGCGCAGCATATCGCTGACACCATCA; ; ; [2]
TTTTCCACAGAAAAGAATTGTCGTTGTTAC; ; ; [2]
TGGGTTACGATGGCATCGCGATAGCCTGCT; 4285408; ; [2]
GACAAACGGGTGCAGAATTCGCGCCAGCTG; 4081680; ; [2]
GATCGGTAGTAAAATTAAAACCGATTTTAT; 1543849; ; [2]
GCCAGTTCAAAACTCATTCACGGTGGCCTG; 3562141; ; [2]
TGGCATTATAGAGTTCATCGATATAAGCAA; 135446; ; [2]
GGGGCGAGGGGACTGTCCGGGCACATTTTT; 4549873; ; [2]
AACTTTATCGGCAATCGTAAAAACAAATTC; 2176096; ; [2]
TCGCTGACCAGCGCGTTCACCCAGCGGGTA; 3878212; ; [2]
CGGTAGCGGAGTTCCTCGGTGACCCGGTAA; 3547318; ; [2]
ACGCGTTCGTCGTTAAAACTCCATAAATCT; ; 2006759; [2]
TGCGTGAACGTCTAGAACAGGCGGAAGCGG; ; ; [2]
GCCACTCTGCCTGTATGTGCCCGTTTCGAT; 1468464, 2069495, 2996915; 142696, 1454781, 2990659, 4259617; [2]
GGTCCGTGTGAACGATAACGTTCCGGGGCC; 392019, 1094555; 2470535, 4073929, 4325480; [2]
CATTACTGTGCCGGTGAATCCACCCTGATA; 3984516; ; [2]
AAGAAGCCGAGGATACCCAGAAGTACGCTG; 3896031; ; [2]
TCATCATATTTAATCAGCGACTGATCCACC; 364563; ; [2]
ACCCAAATGATGCGCATGTTTAACTTTATG; 1987077; ; [2]
TAGCGTCGATTTGCGCATGGAAATCGCCAG; ; 892436; [2]
TCCCAACCGACTATTTGAACTTGAACAGCG; 2752675; ; [2]
CACTCAAGGCCTTGGCCGCCGTGTAACGAT; 455152; ; [2]
GGCGGCAGAAGCCTGTATTTTGAGCACCTG; 729930, 3619539, 3762530; ; [2]
TAGATCGCGCAGGCTAATGGCATCAACAAG; 1130428; ; [2]
GGGATCGCAGGCCGATGAAGTGGGCATCGC; 3058226; ; [2]
ACGCAGTAAATTATTTTTGCCCTGAAAATG; 1071225; ; [2]
TAAAATTATTCACCTGACTGACGACAGTTT; 3965768; ; [2]
AGAGCAATTCTGGAGCTCTGAGAAAATAGG; ; 1883279; [2]
ATCCAGATCAGCGAAAAGATAATTAACCCA; ; ; [2]
TGATCGCTGTGATACGGGCGGAAAATCGCG; ; 1144989; [2]
GATACAGCGACTCACGCGCAGTAGCGTATC; ; 1295895; [2]
TTAAGGAGGCTAGTTTTGCGGTACCAGCAT; ; 2591707; [2]
AACCACGCTTTGTGGGTCAGGTAAGCCACC; ; ; [2]
CTTTACCCGTGCGATGAGAATGACTGGAGT; 1181547; ; [2]
CGTCGGCAGGTGTCTCCTTGAGAGTGGAGA; 218723; ; [2]
GATCTTTCCCTGGCAGATCCGTAACCGGCA; 516220; ; [2]
ATGCATGTCCGCGATCGCACAAAATAGCCG; 1533939; ; [2]
TAAAGAAAGACGTGAAGAAGAAGAACAGCA; ; 1843267; [2]
GTTGCCGCCAGGCCAATACCTTCTTCTGCG; ; 1207814; [2]
TCCAGCATATGTAGTGGTGACGCGGAGGCC; ; 2831905; [2]
TTTCATGGCGAATCGCTGCTTCACGCCAGC; 2276515; ; [2]
TAACTACGATGATGCGCTGCCGGGTGACAG; ; ; [2]
CGGTACCCTGGTCAGGTAAGAAATGTTATA; ; 3589641; [2]
GCTCCGGTCTCCGGCATCGCGACCGACAGC; ; 4366095; [2]
GTTTTTCACGCTTGTTACCACTATTAGTGT; ; 3792620; [2]
AATATTCTGCGTCCGCGAAATATAATTCGC; ; ; [2]
TACTTCCTGCCGATCGTTGCCGATGCGGAA; 4217555; ; [2]
CCGCCGAAAGCCAACAACTTGCGGCATCGG; ; 1268329; [2]
AGTAACACATTGTGAATGATCAGCGATTTT; 4099743; ; [2]
ACGCACACAGGCACTGGCAAAGGCGTTCTC; 2300071; ; [2]
GTGAACGATGTGTTCCGTCAGATGACCTTT; 2185595; ; [2]
ACGAGTCCGATGAACCGTTCGATGACGACA; 628372; ; [2]
GTAGCCGGGATCCGCACCGCCGGTGAATTT; 2911280; ; [2]
TGATGCAAACATTCAGCGCCTCAATTATTC; 618951; ; [2]
AGATGTTTAAAGCACCGATTAAAGTGCTGC; 1867694; ; [2]
CGTCACCATTGGTTGCGCTTCTTCCAGCAT; 2554495; ; [2]
GCGTAACCGGAAGTAAGGTGAAAACGGGCG; ; 3371399, 3371934, 3372469; [2]
TTCCGTATAGCCAAACCAGGAGCGTTCCTG; 2319033; ; [2]
AACCCTTTATTGCTATCAACTGTGCCGCGA; ; 1636830; [2]
GAACTCCACTTGCTGATTCTGCCAGCCGCT; 912902; ; [2]
AGTTTGCTCTTATCAGCAAATGCATCCTGA; 3477141; ; [2]
AACTTAAACCTGGAAAAATTTTGACTTTAC; 1942737; ; [2]
TGCGATTCGGGTTAATGCGAATCGCACAAT; 3504987; ; [2]
ACGGCGTCTCCTCCGCAAGTGTTGGCAGAG; 2329727; ; [2]
GGTTTCTTCACGTTTGTTGAAGGTGCCGAA; 4587808; ; [2]
CTGCCGGAGTACGGATAGTTTGTTCACATT; 913771; ; [2]
TAACTGTTGCTTCGCCATCGACAGTTGCTG; ; 3478565; [2]
TTTCTGCCTGTATTATCTTTAAAGATGTTG; ; ; [2]
TCACTGCTGGCGTCAGGGCGAGCGATTTTG; 1945401; ; [2]
AAATTTAAACACTGCGGTATTCCTTAAATT; ; 2679669; [2]
TCGTGGCCCGGACGGTTAAACTGCGCCGCC; 3081207; ; [2]
CCACAGAGGCCAGATCGAGGTTCGCTTTCC; 3568448; ; [2]
AACTGAATACCAGCGCATCCATCTGATTGA; 2131130; ; [2]
GCCCAATCATCACACACTTAACGACAATAT; ; ; [2]
AGTGGTGCGCAGATTGTTGCTGTTGGCAAT; ; 3587583; [2]
GCCTTCACGAGCGGTACGGCTGAACTCGAG; 3594754; ; [2]
CGATATTATCGAGCAGCAGAATGTCAGCCA; 1321353; ; [2]
TCGGCAGCAAACCGATCCGCTATTTCCGCT; 4291801; ; [2]
TGGATATGCCCCTCGCGCTGGAGAAATATT; 3820601; ; [2]
CGACGCCAGCGAGAAATGCAGACCGGGGCG; 2119543; ; [2]
TGTCCTCAAGCGTTACCAGATGCGGCGCAT; 696086; ; [2]
GAACGTATCCTCGAAGCCGTTTGGGGATTT; 4034314; ; [2]
CGATTAATGCGATCGCCGCCTGAGCCACTT; ; ; [2]
TTTCGCCTTCGATGTGTTGCTGGAACTCTA; ; ; [2]
CTCGACGCCAGCGCCATTAAAGGCACCGGT; 761899; ; [2]
TTCACTCCCAGCGTATGGGCGGTGCTGTCG; 4512708; ; [2]
GAAGCCAGCATAAACGGATAGCCGTAACTG; 4069994; ; [2]
TAATGAAAAACAACACGCCGGGCAACTATA; 1324359; ; [2]
TTGGCAACAATATCGCCAACTCCGCCACCT; 1132631; ; [2]
GAGCCAACCGTGTAGCTCTCTGCGCCAATG; 4095260; ; [2]
TCTTCTATCCGATTGCATGGGTGATGGGTG; 2513912; ; [2]
TTCGCCGGCTTCATCTTATTCGTCGTGCGA; 188696; ; [2]
TGGGGCGATCGCGACAACGTCAGTTTCTCT; ; ; [2]
GGTTTGCCTTTCCTTCCGGTCACACGATGT; 1339795; ; [2]
TGTTTAAACGCTTTTGGTCCGTCTTTAGGA; 3769118; ; [2]
GCGTCAGGCTACCGACAGCGCCCTGCGTGG; 4402588; ; [2]
CGCCATCAAAGGCTTCAACGACGGCGTGGT; 1499548; ; [2]
GTGCGAACAGCGAAACATGCGATTCGTTGA; 1564847; ; [2]
TGGTGGTGGATTGCGCCCAGGAGCGTGTGG; ; ; [2]
CCCCTGATAACGCTGTTCATCGCGGGTGTC; 4490536; ; [2]
CAATCATGGACGCGCTAAATATATCCACCG; 2939516; ; [2]
CTGCTGTTGATCTCCTTCGGTCGATCCGGC; 3282287; ; [2]
TCGCTTTTGCTTTCACCGAGCATCATGCGC; ; ; [2]
GTACTCCGCGTTCATTTATCAATACCGTTC; ; 2335283; [2]
CCCCGAGAATCGACGCTACGTTGTAAGAGA; ; 965684; [2]
AGGAGGCCAGCGTGGCGGCAATTAATGAGA; ; 2807972; [2]
GGAATGTCGTGATCAAGAATGTTGATCTTC; 3926063; ; [2]
GCCTTCAATCACCTGACTCACCACGTCCCC; 267549; ; [2]
GGCCGATTATGTCTTCTATTCCGCAAACAT; 2902643; ; [2]
CGAAGAGATCGCTAAATTTGAAGCCGTCGC; 2339607; ; [2]
AACCCCCGGTAGAGTTGCCCCTACTCCGGT; 2043488; ; [2]
GCCGCCAATAATCTGTGCGCGGTGAATATG; 416259; ; [2]
CCTTGCAGAAATGATGGACTACCCTGGCGT; 3844508; ; [2]
CTCGCCAGTACTGAACCCACGCAACAGGAT; 833447; ; [2]
GTTTCATAAATAGTCCTTTTTATTGTTACA; 2174559; ; [2]
GTAATTGAGAACCCGCGTAAACGGCATCAG; ; ; [2]
GCTTCAAACTTTCGCCCCTCCTGGCATTGA; 2533437; ; [2]
CCGCCTGCGACTCCTGTTCGCTAAAGATAG; ; 3718028; [2]
TCTCACCATTGACGTGCAACAGCGCCCACG; 3581331; ; [2]
ACGATCAGCAAAAATATGACATCTTCGAAA; 2347468; ; [2]
GATCTCCACACCATCATCTGACTCAATGCC; 3903965; ; [2]
AAACGCTGGGATCGATGGCCGGATTTATGA; 629486; ; [2]
ATCAGTGCCGATACGGCGAAACCACCGGTA; 1029250; ; [2]
ACGGTTTTGCGCTTTCGCGTTTAACCCTTC; 2283350; ; [2]
AATGCCGGATCGGTATCCGGGAACAGCTTG; 2871577; ; [2]
ACGGCGAAAGTGTTGTTCCGGTCATTAAGT; ; ; [2]
CGCTGGGCTTCTGCCAGCATCGCCCAGGTC; 724274; ; [2]
GCCCAGGTTATACACCTGTTCCATGACGTT; 142193; ; [2]
GTCTGGTTGATCTCTTGCATCAACGGAGCG; 3918391; ; [2]
TCCGGCAGGGCAAACAGCGATGCGTCGTTT; ; 3983503; [2]
ACCGACAGCCTCATTAACTGAGCAGGAAAC; 3732703; ; [2]
TGCAATATCTCCTTCGGCGGTCGGCGGATG; 3825419; ; [2]
GTACAAAATACGCGGATACGCCTGCACCAT; 4162307; ; [2]
CCAGACTGAATCTTGTCGCCAGCTTTCAGG; ; ; [2]
GGGTGCAGGCGGTCGGCGACGTCATTACGT; 4317233; ; [2]
TAATATTTGTTGAAAAGGATAGTAACATGA; ; ; [2]
GCTGCGGTTTCACTTTCTCAAGAATATATT; 3599171; ; [2]
GTGAGCCATGAGTCACGTACGCCATTGACC; ; ; [2]
CCATTCTGTTGGCCAAAGTGCAGGATGAAG; 1454113; ; [2]
TTTAACGCATTCGTTTACGTATAAACTTAT; ; ; [2]
TACCGTAACGGGCTGACTGGTGAAGCCGAT; ; 4361160; [2]
GTAGCCTGATTATCCTGCCGTTTGTCCATT; 4228475; ; [2]
CGAAAGTCAGATCCACCGCGAAATGGCTTC; 1788931; ; [2]
ACAGCGAAGGTAACGGCGAATGGGTGGTGA; 625887; ; [2]
CTGGCCCGTCTTAATACAAGGCTGGAAGGC; 681411; ; [2]
CAGCGGCGTACGCAGGAATAAAAGCGTCAA; 2307778; ; [2]
TTCTGCATGTTTGTCGGTCGCTTCGGGGTG; ; 3914378; [2]
AACTAAATTATGCAAATTCTGCGGGCGCGT; 3262444; ; [2]
GGCTGGCGAGTTTGAGTTTGCTGGTTGCGT; 3407979; ; [2]
CCAGTTACGAATACAGATCCTCTGGGGTTA; 3765893; ; [2]
CCTGATGGGTTTGTGCTGTCTCCAGCAGCC; 416834; ; [2]
GCTCGGTGCTGCTTGGGTTGTACTCTGAGT; 3579314; ; [2]
TTGCGAAAGGCGCGATGGGCTATCCGCAAA; 3247953; ; [2]
AGCCTAGCGCTTGTTCGCGGGGGAAATGGC; 858757; ; [2]
TGTCCCCATTGCAAGCTCCTGGTGGTAACC; 2168563; ; [2]
GCCACAGGGAGCCGACTGAAAGCAAAATTC; 3847612; ; [2]
CAGCAGGCGTTCGTACAGTGGATTGTCGGT; 2955700; ; [2]
ACTTTACCAATCCCACCTTCATGAACAACG; ; ; [2]
TCGCTGGTTACTTTCCCGTCTTTTACTGGT; 3072521; ; [2]
TACATATTTAACAGATTATCCTCAGATAAA; 3790261; ; [2]
AGCTGCTGAGTGGTCTGCGTGCGGAGCATG; ; ; [2]
GGTTTCCCGATTGCTAAAGTGGCGGCGAAA; 31761; ; [2]
TTCCTGTATAAATTAACCGTTGCCAGCGGG; ; 1520637; [2]
ATTGACCCAAAGCAAGCTCCTTAGAGATAA; ; 69229; [2]
GACGGATCGCTGCGGGACCGTGGCGACCAC; ; ; [2]
CTGTAGCTGGTTAGCGCTGTGGCGCTGGCA; ; ; [2]
GTCGACGACGGTTTACGCTTTACGTATAGT; 49762; ; [2]
TGAGATGAAAATTAAGGTAAGCGAGGAAAC; 1622588; ; [2]
CATGTGAAATACTGGTTTTTAGTGCGCCAG; 255869; ; [2]
CGGATTCGAGGTGCGGCCCGGCGCTGGCAA; 2566499; ; [2]
AACGGCCCGAAGGGCGAACGTCAGTGAGTC; ; 1823954; [2]
AATGGGCGGATTGGCAAAGACGATCCGGCG; ; 1518579; [2]
AGATATATAACGTCGGTTTATAAACAGACT; 2971207; ; [2]
CTGTTTCAACGGCTATTGGTCTGGCTGGTT; 1526519; ; [2]
TCCCACCCGGAACGCATTTTGCGCCGCAGT; ; 4583977; [2]
AGAGTGCCCCTAACACGAAATAGAGCATCG; 1570146; ; [2]
CCCATTAAATAAACACAACGCATTGATCTG; 3057025; ; [2]
GGGGGCGGTGGTCGGCGAGCATAAATGTCG; 903867; ; [2]
TGATGGTGAGATTTATCGGACCAACGGAAA; ; ; [2]
GTGCCGCCCCTGGCGGAAGCTGCGGCCCAG; 76939; ; [2]
ATGCCAACAGATTCTCTTCGGTAAAAATTG; 334396; ; [2]
GCATGTTGTGTGAGACGTTGACCATGATTC; 2499103; ; [2]
AGCCATTGAGTTCTTCGACTTTTACATTTA; 3674877; ; [2]
AAGCGGCGCTGACCTGCGGTGATGGGGCGT; 3254913; ; [2]
CGCCGACAATCAGGATGGTCAAATTTTTAC; 4334860; ; [2]
AGAAAAATTGCGTGAGAAGGATTTCTCATT; 2611855; ; [2]
CCATTATATTTATTTAATTGATGACATTAG; 2699974; ; [2]
ATCGCCGCAAGCGCATTAAGTTTTTGCTCA; 414548; ; [2]
CAAATCAACATATACGTTAAACCTTTGTCG; 3149536; ; [2]
GATCTTCCAGCCAGAGGCACAGGCTATCTG; ; ; [2]
AGGTTGGTAGTCATTTTAGCAAACGCTTTC; 2775558; ; [2]
GCGCAACGTCAAAGTGCAACTGGAACAGGC; 1081635; ; [2]
TTAGTCGCATTGGTAGACCGAATAATCCTT; 4412438; ; [2]
CGAGCGGTATCCGCCACCGCAATTCCACGA; 3253594; ; [2]
TCCTGATCGTAACCGATGAAGCTACTGCTA; 3041793; ; [2]
GTTGCGCACCATTCACACCTCGCCAGTTAA; 2885649; ; [2]
TAAGCGGCAAATCCACACAGCATCATAATC; 655693; ; [2]
ATGGCTTTGCCGGTGTGTCTGGCGTCATTT; 3890823; ; [2]
TGGCGAAGATAGCGTGTTTGTGAACGTGGG; ; ; [2]
GGGCGGAGCATAAAAGAAGCGTCGTGAAAG; 4347135; ; [2]
CAAAGGGCTGTTTTATTACATACTGCAAAC; ; ; [2]
TGGTCGAACCCTATACGCTCGACAACTTAA; 4395777; ; [2]
GTCACGGATTGGTTTCACGCGGGCATATTT; 3260756; ; [2]
CTTCAGCTTTACGCTTGAGCTCTGCAGCTT; 3315449; ; [2]
CCAGGCAGCGACGACAGCATTGAATGCCGC; 194503; ; [2]
CAGGTTAACTCCCCCTTTCTGAGAGGAAAC; 388718; ; [2]
TTATCATTACGCGCCATCAGAATCGGGAAG; 3117592; ; [2]
TTGTCTTCGGTACGACCAACGGAATGACCA; 2071761; ; [2]
TATGCCAGAGCTGCTTTCGCTTTTTCAACC; 1799393; ; [2]
CCCTGGTAGCGGGTGTCCTGATCCTGCAAC; 517725; ; [2]
TTCCGGTAACTATGAAATTACTGAACTTGA; 1824344; ; [2]
GGTTGGAGTCGTACTGATTGTTAAAGTTAA; 4514870; ; [2]
TTTGCGGATCAGCGGTTCACCGCTTTTACC; 1078144; ; [2]
GCCATTGGCCCGCTCACGCAGCGCGGGGAT; 2227397; ; [2]
AGCCCATTTATGATGCTGGCAGAAGAAGTA; 4110499; ; [2]
ATTAAATTTTATTTGCTTTAATCACCACCA; 3923055; ; [2]
CTCCGGGCGGCCTTGCCGATGATGTTCTAT; 2065605; ; [2]
CGGCAGAAGTCAGTGGGCCGCTGCTTATCA; 470744; ; [2]
ATGCTTTGCCCCTGGCAGTCCAAACGCTGG; 633285; ; [2]
GACGCCAATACCTTTCTTGATCCCCACACC; 3120064; ; [2]
TCTTTGAATCTCAGTATTCCGTTAGAACGC; 3290505; ; [2]
CAGACCAACTGGTAATGGTAGCGACCGGCG; 363243; ; [2]
ATAGCGCCACCAGCCCTCTTTAGTATCGGC; 3681400; ; [2]
GCGGAACGACAAATTTTGTTAATTTTTATG; ; 2690876; [2]
TTACCGTACTGCCCTCTAGAATCAACACAC; ; ; [2]
TGCTCAGGGTAACCACGTTCTGATCCCAGG; ; ; [2]
AGTTTCCGCATCATGGTGGGCTGTGGTTCC; 1038903; ; [2]
CAATCCACCACAATCTTCAGTTCACTGAGG; 3323528; ; [2]
GCATTCCAATCCTTGTTGCCGGACAGGTAA; ; ; [2]
TTTCCAGACCGGACCAGGTGGGGCTGGAGA; 1539541; ; [2]
TCAACCTTAACCCGCGTGCGCTGAGCCGCA; 1201342; ; [2]
TGTCGAAGAGAGCGAGGAAGGAAATACCCG; 3457152; ; [2]
GTTCGCTTCAAAGGGCGGCGCATTGAGCAT; ; 964550; [2]
AACTTCGCCTTTATTGAGCGTGAAGTTAAC; 2678247; ; [2]
TCTGTTTGGCGCAATGCTGGCGGCACCCTG; 890279; ; [2]
TCTGATTTATAACATTTTTCAGGAGCTGCA; 1871319; ; [2]
CAAAGTGATGGGTGACTACACCGATATCGA; 28804; ; [2]
CAGACCCCGCCGGAACGCGACCGTAGTGGA; 185253; ; [2]
TCACCACCGGTACACGCAGGCGATGGCAGA; 3127771; ; [2]
TATAGTGCCTCAGTTTAAGGATCGGTCAAC; 1295352; ; [2]
AAAATCCCAGTCAGTGTAAACGGGCGGCAT; 2521847; ; [2]
AGCGTGGCGCGAATACGGTTGATAACATCA; 3505361; ; [2]
ATGCGCTCAATCAGTTCAGCAGTGACAATC; 619480; ; [2]
CGTCGATAGCCATTTTTACTCCTGTCATGC; 2823756; ; [2]
CCAAAAAAGCCGCACAGCAGAAGGTTGTAA; ; ; [2]
TAAAGCCTCACTCGTTTGGGATGAAGCACA; 1814759; ; [2]
CATGCTGCCGGAGGAGTTCTCAGCGGCATC; ; ; [2]
TTTAATCAGTAAGTCGTTATACCTGACAAT; ; 2823036; [2]
AGCAATAAATGGTTTGCTGTTGCGCGGGCT; 2688233; ; [2]
AACCCTCAAAATCCCCCCCATCTATAATTG; ; 519273; [2]
CGTCGTTAGCGGCACGTACACCTGCCTGGC; 4359121; ; [2]
CACTATTAGTGGTAGTGGCTGGTGGAATCT; ; 2292009; [2]
CCCGCTTTGCGTGTATTTCATAACACCGTT; 1813732; ; [2]
GCAGTATTCGGCAGAACGGTAGAGTGAGCA; 2633987; ; [2]
GTTCCGATTTACAGATTTCCTGGTCATCGG; 2273840; ; [2]
TGGCGTATAAAGATATTGATGCGGTGATGG; ; 1084705; [2]
GACAAGCGTCACATCAGGCATCGGTGCACA; ; 4204514; [2]
TCTGGTAAAGGACGTAGTGCTTTAGTCAGC; 4354253; ; [2]
CCAACGGTAAAGTGGCATTTGATGGTCTGG; 1139539; ; [2]
GGTGGTCGTTTTCACGCAGGTAAATGACCC; 953613; ; [2]
TACCACCTTCGATCATAGCGTTAACCACTA; 3416579; ; [2]
TTATTTAAAGATTACACCTTCGAAGCCGCT; ; ; [2]
TGCGCGACTCACACCTGCTGTCACGGTAAT; 1623082; ; [2]
CGGCGCGGGCCATCCATTTGCAACAATTGT; 2708512; ; [2]
GAAGCGAGTCATCCTGCACGACCCACCACT; 780988; ; [2]
GAAAGATAAAAAAACATTCTGTTCATCTGC; 2271021; ; [2]
GGCGGCAATCAGTTCGCTTATCCAGGTTGA; 3904769; ; [2]
TTGCGATGTGCGAGTGGCGGAGATGGACGG; ; ; [2]
ATTTGTAAAGTTTTGTTGAAATAAGGGTTG; 1258654; ; [2]
TAGCCGTAAACCTTCTGCTAACTCTGTGGT; 4555933; ; [2]
TAGATTTTATGTACTTTTAAAACAATGCAC; 3653750; ; [2]
CGGGGTGTCGAAGACCAGTTCAGCAAGGTT; 3758925; ; [2]
AGCCCGGTCATTTGACCGGGCAAGGGGATT; 78819; ; [2]
TTGCTCAGGGGATTGCCGGCGTTCCGGTGC; 2417726; ; [2]
ATCCTGGAACAGTACGATGCCCTGAGTGAG; 685425; ; [2]
GCGTGTAGTGGACGTGGTGGTTGAGGTGTT; 1049441; ; [2]
TGTATCCCGCTGGTCACTCAGGTACTGAAC; 3495393; ; [2]
CGTTCAGCTCTATGTTATAGGTCGCACCAG; 3393881; ; [2]
CAGGGGGATGGTAAGGGCCTCATTGAACGG; 308954; ; [2]
ATATCGCCGCGCTGGGCTTTCTCGATCTCG; ; 3287822; [2]
GTAGAGTTCCGGGGTATTCGCCTGGGTACC; 1014170; ; [2]
CGCAGGAATGCCTTCATCAACAATGATCAT; 3277912; ; [2]
CGCGTCACGCAGCTGACTGGTGATATCGCG; 329121; ; [2]
TGCGTTGTACCGGGCGCTACATGGTGGTCT; ; ; [2]
GGCGACGGTGAACTTAATGTCTCGAGTGAA; ; 3044628; [2]
GGACCATCCTCCAAGGCTAAATACTCCTGA; 226167, 3944112, 4037927, 4169049, 4210451; 1215278, 1912877; [2]
CAAAAACCGCTTTCATTGTGCTATTGCCTG; 1791554; ; [2]
TTGCTAAAACACCAATCAACAGCACTACCA; 1681966; ; [2]
ACGCAGTACCTGCAACTGCACCGTGACGTC; 1558426; ; [2]
TGTTGATAATTAGTGCTGCGGGAAGGTAAG; 925649; ; [2]
CTGCGTTTGACTACTTTTGGTCGTTCGGAA; ; 2278562; [2]
TACTGCCGGGCGTTTATGCCACGGTGGAAG; 3825375; ; [2]
AAACGGACTATTCCTTTAACGCTAAATCCG; 235430; ; [2]
CCTGCAATGGTTGGCTGCCGCCAACGCGCT; 1367494; ; [2]
TGGACGCCGATGCGCTGGCGCAACTGCGCC; 920569; ; [2]
CGGCAGCCTGATCCAGCTCTTTTTTTGGCT; 3862249; ; [2]
CAAAATGCAAAAAATCGACCTCGGCAACAA; ; 3222337; [2]
TCCAATAATGTTGCACAAGATACTGTGACT; 1770514; ; [2]
CGTGACCGTTTTCAAACTCTACGCGGAACA; ; ; [2]
GGCGCTGGAATCTATTCTTGATGCAGAACA; 1368973; ; [2]
CGGCGTTATCTTTATAAGCAGAGAGAACGT; 2694762; ; [2]
CATTATTCGCATTACCGACAAAGCGTTACG; 891323; ; [2]
TAACCTGGTGAATGTGCAAGGTTTACAGCT; ; ; [2]
GATACCTCAGAAATGTCCGTTCACGAGCTG; 3347516; ; [2]
GCCGTATTCACCTTACATTCCCAGAAGATG; 3365111; ; [2]
TTTAGCCAACGTTTAAGCTTTTTGAGAAGC; 4599467; ; [2]
GCGTTCACGCAGAATATCAACGGCCCGACG; 328487; ; [2]
AGTGTCTTTACGGATAACGGCTTTAGCTTC; ; ; [2]
TCCAGTAACGCGTGTGCGAGTGCATCCAGT; ; 3895107; [2]
CCGGAGTAACCCCAAAGCGACCGGAAGCCA; ; 1284170; [2]
TGGTGGTCCCGGAATCGAGGATAACCCGAT; 3278313; ; [2]
TTATGGCTAAAAACATAATCTCTGCGGGTG; 3905759; ; [2]
AAAATATTTCCCTAACGGCGTAACGCGTTC; 3060273; ; [2]
TAGTCCGCCGCTTTAATCACGGCGCACAAC; 256593; ; [2]
AGCATCATCACCAAGACCTCTCCGTCGCCA; ; ; [2]
CCGCTGGTTGATGGTCAGGGGAACTGGGGC; ; 1475970; [2]
TGAACTCATAAACGCGCCAAGCCCCGCGAC; 2411019; ; [2]
GCTACCACGGCGACACAAAGCTGGGCTGCG; 934198; ; [2]
TGCGATAAGCTCACCCAGGCAAGCACCTTG; ; 2078761; [2]
GCACCATACGAGCAGTTCATCAGACTGTAT; 4065350; ; [2]
TTTATCTTCAAAATCTTTCGGCCCGTTCGG; 1752762; ; [2]
GGCCATTAACGAAGCGATCGAACTGGCGAA; 435441; ; [2]
CGTTTCAAGATAAACGACAACGCCACGAGC; 3518749; ; [2]
CTGGTGGTTGCAACCAAAGCGCCCTGGCTA; 2780474; ; [2]
TTTGTCAGAAGTGGCGCTGCGCCAGCGTAT; 3779948; ; [2]
TGGATAAATCAACAGAATCATCGATTCCTG; ; ; [2]
ATTAACGCTAACGGGTATTGCGGTGGGGTT; 2509814; ; [2]
TACGGATGTTATCCGACGCATTACGCACCG; 3506255; ; [2]
ATAAAGCGTGCGCTGCGACTGACGATATAT; 1944757; ; [2]
GCGAAGTGATGCAGGAGTCCATTCAGGCGG; 460778; ; [2]
TGCGATCGTACATATCCAGTTCCGGCACCA; 3568421; ; [2]
GGAAGCGAAAGGGGAGATCGTCGCCGGGAC; 879541; ; [2]
TGAGAGCGCGACCCAGAAGAAAATCGTCAA; 444987; ; [2]
ATCATGTTCCTGCAGGCGCGAAGGATCAGT; 830323; ; [2]
TGGCATAAAAAATCGTAAAACCGGTCGCTT; 1272331; ; [2]
ATTTGATTTAGGCGAGTTTGATCAGAAAGG; 2006337; ; [2]
TTTTGGCTTTCTTCGCTTTTACCAGATCCG; 4304697; ; [2]
GAGCATTTAAATAATATTTGTAGAACTGAG; ; ; [2]
GAATTAAAGCTGGAAAGTCGCGGAACCAAC; 2942214; ; [2]
CTTATTGGTGCGCCTCCGGGATACGTTGGT; 924859; ; [2]
CGTTGCTGATTTATCGCGCTTTGAGAGAGG; 559845; ; [2]
AAAAAGAGATGGGCGCTAAGGAGTGGGTTA; ; ; [2]
CATCACCACGATGGCGGTGGCTTCACCGCC; ; ; [2]
GCAACGTCCCATCGTCCACGGATTGTGACA; 4615402; ; [2]
GTGAAGTCGGGTTTGTCTGCGCAGGCTATC; 2583517; ; [2]
TTGCGTTTTTAACTACTTCTACCGTTTTAT; 1230345; ; [2]
GCTCCCAGCGTCTGGCGATGTTTGGCGCAC; 3495805; ; [2]
CGGCCTTCCATCGCGGCGGCTACCGTACCG; 2869933; ; [2]
GTTCAGTACGCTCAGAACGTTCAGAAGATT; 3517206; ; [2]
GTAGCTCAGAATAGAGTCGCCTAAAAATTC; 2703913; ; [2]
GGAAAAAGCGATTGCTGCTGTTGGTGCTGA; 229573; ; [2]
ACAAAACCATCTGGCGCCGTTTACGCGCAG; ; ; [2]
ACTGGGGCCGCCGTCAGCTGGCTTACCCGA; 4425238; ; [2]
CACAAGCGCCCCCGCGAAGCCCTGCTCGAC; 3156865; ; [2]
TGCTCGCGCTGGCGACACTGTTGGCACTCG; 94102; ; [2]
TTGGGGTTAAGGTTGTAACAAGAGGCGTAT; 4442202; ; [2]
GAAGAACGGTCAAATAATGTTACAACCCGC; 3737957; ; [2]
CGCTGTGGAGCCGCGCAGTATTTGCGGCAG; 137140; ; [2]
TGCCCTTTTGGGGAACCAGGATAGGCAAGC; ; 2831009; [2]
CGCAAGGAAACTTTATTTTTAACTGCGTGG; ; ; [2]
GTTTTCGTTCGTCGGTGAACAGGATCTGCC; 3092074; ; [2]
TCAGCAAAATTGCGTTAAGGATCAACATGC; 2318909; ; [2]
GCACTAAGTTTAAATTGCGCGCCAATCATG; 2470455; ; [2]
CGATATAAAACGCCAGTACTGGTAGCACTG; ; 1580298; [2]
GAGAGTGCATGTCTATCACGGCGCAGTCCG; ; 3327981; [2]
TCTGCTGATTATCACGTTGTCGTTTATCCC; 600071; ; [2]
AAACTGGCAGTAGAATTAGCGAAAATCACC; 1150357; ; [2]
AACATACCGCATTTTGCGAATGCCCATGCC; 718071; ; [2]
TCACAGTTCCCCAGGCAGCAAGTTGGCAGC; 2401639; ; [2]
TTAGAGAAACAGTCAATTCCTGACTGTCAT; ; 1287278; [2]
TTGCATTTACAACAGCAAGAAGCGGTAGCG; ; 1118928; [2]
TCCAGTAAAGCGCTTTACCGACGAGGAAGT; ; ; [2]
GTCCGTCAGCACTGGCAGCGTTACTGGCTG; 4436967; ; [2]
CCGGCAATTTGCTTTTGTCCAGCGGCTGGA; ; 3747547; [2]
AACGGCGGGAGATTTTAAGGAGTGGCTGGT; 4137585; ; [2]
GCCCCGTGAACGACAGTGCAATGAACAACT; 769898; ; [2]
TTTAAGCCTCGGTTACAAACTGGTGGCGCT; ; 4392289; [2]
TGACGCGGTTTGCCAGCCCCTGCTCGTTGT; ; 4116027; [2]
CTCGCCACCAGCTACGCTTACGTTAACCCG; 2030258; ; [2]
GGTTACGGCGATCGTCGTACCCTGGAACGT; 133513; ; [2]
TGACGATCTCTGGCGTCGTTTAAGTACCGA; 833608; ; [2]
CGTGGCGGGCCTGACGCGCATGATGGCGCA; 3538907; ; [2]
ATCGCGCTCTTCGCCCGTCAGCTCGCTAAG; 2307007; ; [2]
GTTAAGTGTAGTGTATTTCAATGAGAAACG; ; ; [2]
ATGAACGCAATCGTATTAAACGTCTGACGC; ; ; [2]
TCATCTTAGCTCGATTATTATTCCTTCGTA; 2989975; ; [2]
CGTAGTTCACCGAACAGTCGGACTGCGAAC; 3084920; ; [2]
GCTGCGGCAATGCTTTTACCCAGAGAGGAT; ; ; [2]
GCGACATACTTAAATAATGCTTCTGTCGCT; 1311890; ; [2]
TGCCGCTAATGCCATGGCGGCGACGATTTC; 3370910; ; [2]
CCTGGCAGGGACTCTCCCTGGATGACGGTA; ; ; [2]
TAACCGTCCGGCGGTGGTGAAAGTTGCCTT; ; ; [2]
CGCGACAGCCTTGATTGGTATTCTTCCTTC; 2053959; ; [2]
CATCGTCGCGGTAATACCGCCAAGGGCGAA; 648638; ; [2]
AAGCGGCAGCAGAGAAAGCTGCAGCCGACA; 777050; ; [2]
CAATGTACGCGTAGTTTCCCTGCCCTCGAC; 2581359; ; [2]
CGTGAATGGGCGCAAGCGGGTTTTCTCAAT; 4224712; ; [2]
CGGCACCAGGCGACCGATAATCGCATGACC; 3325657; ; [2]
TGTAGATGAATGCAGCCAGACGTTCCTCGG; 1399000; ; [2]
AGCTTATCGCCATACAGACGCACCGCTTCT; 3722853; ; [2]
TATCACCCGACCGCGCGCGCCTTCCTCGCG; ; ; [2]
AAGATAACCCCAAGCGGCAGGAAGCAGAGG; ; ; [2]
CAGCGATCGCCTGGACGCCATCCGCCACCA; 3776699; ; [2]
CATCGGTTGTGACGATTGTTGCGTCGTGGC; 1568655; ; [2]
CAGCGTGCCGTCTCCCGGGCGACCGAAGTA; ; ; [2]
ACGCTGGCGCGCTTCGCCTTTGGCTTGCCA; 808849; ; [2]
TATCCGGGAAGTACAGCTGCAGGAAGTAAG; 2086275; ; [2]
GGCAAAATTGTTGCCCGCGCCTCAACGCCT; 2937539; ; [2]
TATTTTTATGAGGTATGTGGAAAAATTACA; 527669; ; [2]
TTTATTCGTCAGGTTTTAGACAAGGAATAA; 2546639; ; [2]
GCTGGTGAATATCTTCACCGACAGCCAGCA; 3139909; ; [2]
GCCTGCACCAGCGAACCTTCAAAGATGACA; 3143463; ; [2]
CGCGGGTGGCGAAAGGATTTATCAAACTCA; 1940128; ; [2]
TTATTCAGCACGTCGCCGATGAGATCACTC; 2119835; ; [2]
CTCTATTGCTGTTGAAGAGCTGGCACAGCT; 4016651; ; [2]
TGACCGAAAGCGTGCCAGGTAGCAGAGACG; 3373719; ; [2]
GTTTCACAAAACGCATATCGACCAGCGTGG; 438568; ; [2]
CCTGCACCCAGGCCGCAGAAGTGGCGCTGT; 214573; ; [2]
CATAGCAGAAATGTATGACAGATCACTATT; 2512900; ; [2]
GCAGGGCCCCTTTACCGGGGCCCTGAAGCG; 4537628; ; [2]
CGTGCTGTTCGTACTTCTGTGGATGGCAGG; 3462688; ; [2]
CGCATTTTCACGGCATCGGTCAGGAGTTTT; 2079950; ; [2]
CCAACTCCAACCGTCTGGCGGAGCTGGCCC; 26952; ; [2]
TTAACAATTTATCAGACAATCTGTGTGGGC; 223632, 3941669, 4035392, 4166520, 4208008; 1212752, 1910357; [2]
ATCGAAGGCCATAATTATTGGGTGGCGTCA; 269533; ; [2]
TCATTGAGACGTAGCCATTTCTGATACCGG; 1590495; ; [2]
ACAATATAGCCGCAGAGCAAAACGACGGGC; ; ; [2]
ACGGTAAACCGGTGACCGGTGATGAATATA; 875881; ; [2]
CTCAATTATCATGTGTTAATAGCTGCGTCG; ; ; [2]
TGCGTCATCGCACCGGTGACCTCATGGCTC; 469195; ; [2]
TTATCTCGCAACACCTGATGGACGATTTGA; 527426; ; [2]
CCAACGATGCGATAAGTCTGTTCTTCGTCA; 3328389; ; [2]
AGCTCACGGTACGACTTCGCCGCGACCTGC; 3566618; ; [2]
TATTCGTGGCGCTTTTGATTTCGCTGTCTG; 2263774; ; [2]
CACTGGCAGCGCTGGGCCAGCAAGGGCAAT; 2742617; ; [2]
ATCATCGCTCTGGGCTTTATGACATTTGCG; 419617; ; [2]
TCAGCGAAGAAGATGCGGCGCGCATCAAAA; ; 3449886; [2]
CCGTCTTATTGAGCAAGGTAATCCAGACGC; 2285067; ; [2]
GGCTGGTGGTCTTCACCAAAGCGGTATGTG; 267412; ; [2]
TTCCTGAAAGTTGTCTATTGTTCCCTGAAT; 432455; ; [2]
GTGTGGTAGGCGATATCGGCAACGGTAACT; 149395; ; [2]
TGTACATCATCATGTTGCCACCCATATCGT; 449815; ; [2]
GGGCATTGAGAAAGACCAGATTGGCCTGAT; 1148955; ; [2]
TTATAACAAGAGCGTAACGATGATTACGCT; 1523224; ; [2]
GATGAAGAGGCGTTAAGCTGGCTAACCGAA; ; 3568487; [2]
GCATCTTAAACGCCACGATTTACCGCGCAC; 4613908; ; [2]
CCGGTGAACTGTTGCTTGGCGTGGGAATTC; 856365; ; [2]
CATAATGACGCCACCGGCAACCGCCGTATT; ; 4439917; [2]
GTCATGCAAAAAGCGCCTGACAGTGAACAA; 2485549; ; [2]
CTGGCAAAAGACAGCGTTGGCAGCGACGAA; ; 1922318; [2]
CGGACATCATTACTAACGTTTATCGCGACG; 4010494; ; [2]
CCAGCCCGGATTTTCACGCGTAATATGCGC; 3395373; ; [2]
ACACGCAGCTCGTCCGGCAACCACTGATGG; 3585249; ; [2]
TGACAGTATGGAATCTAATAATGGGGAAGC; 1013251; ; [2]
GATAGGTCAGATTGAGACTGTGGCTTTCGG; ; ; [2]
CGTGTCGCACGGCATAATCGGGTGCAGGAC; ; ; [2]
GTACACAGTCATCTACAGCGGAGTGTTGTT; 461879; ; [2]
TCGGAGCGGCGTTTTTTCGCCTCATCTTCA; 1964490; ; [2]
GTATGTGTGACCACAATGGGTTGGGTAAAA; 635095; ; [2]
CCTTGCGGATGATCGCCAGTAACCAGGCTT; 792850; ; [2]
ACCCTGCTAACAGGGCGTACAGCACGCCGC; 4433019; ; [2]
TAAAGGAGAAGCACAGGATTGTCGCCCCGG; 2086419; ; [2]
GATAAGGCGTTTACGCCGCATCCGACATTA; 4008404; ; [2]
CCAATATGTTCAAAGCGAATATCCAGGAAC; 1765537; ; [2]
CCAGCGTGACACGAGTTCCGCCCAGACGGT; ; 3362729; [2]
AATAATATCAGGCTCCCTCGTGGAGCCTTT; 1051867; ; [2]
AAGGTTTTGGCCTCACCGGAATGCGCGAGC; ; 792903; [2]
TTCCAGTACGTTAAACCAGAACACGCTCTC; 155847; ; [2]
AGAGATAAATTAAAGTTAAATAATTAAATC; ; 4624479; [2]
CGATTTTTTGCCAGATTTCGACGCATCAAA; 2473435; ; [2]
GGGCAATCACTGAACTCTTAACGTTACCCG; 1251801; ; [2]
CGTCTGGCGGAAGGTGTCGAAAAATGCGCA; ; ; [2]
CGCTAAATTGCCGGAAATGGAAAAAGTACC; 2780023; ; [2]
CGAAAAATTAAAAAGAGAAGAGGTTTGATT; 4542605; ; [2]
AGATCCTCGCCTGGCCACAAGAAGGCAAAT; 2202808; ; [2]
CCGCTTCGATACGACGAACGCCTGCAGCAG; 2819919; ; [2]
GTCCATTCAGGCGGCGTTAACGGTGGTTCG; 460794; ; [2]
CGCGCCCTGCAAAGCAAAATTAATCCCCAT; 2499753; ; [2]
CCAGCGAATAACAGGGTATCGTTAGGAGCA; ; ; [2]
GCGTTACTGCTGTTCCTGACATTTAACGGT; 2023288; ; [2]
GGGCGTAAGGGCCGCCGGAGCCGATAGCAA; 4121896; ; [2]
GCGTTCGGAATAAGGCAGCCTGACAGAGAT; 1644350; ; [2]
GCGTCAGCAGTTCCGCCAACACTGCGACAG; 315708, 567259, 2170653; 3546633, 4249169; [2]
CAGTTGTCGGCTATACGCAAAACGATATTG; 1462425; ; [2]
TTGTGACATAACGGCTGCCAGACCAATGGC; 1986071; ; [2]
CAAGCTCTTTTTCCCGCACCACGCTAAGGG; 3627305; ; [2]
AACACAAAGAGCAATAACACTTTTAGCATG; 3987853; ; [2]
GCCTGTTCTATTGGCATCTGGTTTAGCTTC; 99434; ; [2]
CCGAACCTGGACGGAGATGGTTAACGAGCT; 4574994; ; [2]
GACGACACCGGCTGCGGCACCGGCATATGC; 1229836; ; [2]
ATAATGACCATATTGAAGCTGTCCGCCAAT; 2059424; ; [2]
TTTGTTGTTTTAACCCTTTGCAGTGGGTTG; 3707726; ; [2]
GATTACCCGTTTCATCTTTTCCGGTCGGCC; 4585881; ; [2]
CATCGATACGGTTAATGAATTCCGGACGGA; 2731898; ; [2]
AACTCAATCAGGCTATCGAACATGCGGGTC; ; 826965; [2]
GAAACTTCCCGGCAAAACTTGCTGCGTGAA; 3970579; ; [2]
TTTCGATAACCCAACCGATGCCGACACACT; ; 44358; [2]
CGGCAGACTATTGAAACGATCGCCACGTTG; 410251; ; [2]
GGAAAATCCTGGAAAACTTTGAATAAAACC; 2113268; ; [2]
GGGGCATATCTCCCTTAATTGCAACCTCCT; 1251093; ; [2]
GTCCAGGAAGTTTTTAACTGTTTCAGGTGC; 554350; ; [2]
CAGGTTGATGTATTTATTGCTGGCGTTGGG; 2532909; ; [2]
ACCATTCCATCGACGTTAATCGGTATCCTG; ; 293439; [2]
CGCCGGGCTTTCGCGCAGGTCATCAATATT; ; 669367; [2]
AGCAGAACTGCTGATAAAGCAAGAACCCCC; ; ; [2]
CGTATACCACGCCCCTAATATTGCTATTGT; 310987; ; [2]
GGTAGCGGCTGCCGTTTTCGCAACGGCCTG; 2224777; ; [2]
CCAAGTAATTCAGGATCAGACAACCTGGAT; 3801472; ; [2]
TTTGCTATGGCGACCGCGCCCGCTATCGTC; 339425; ; [2]
AATCGTCGCTAAGCGGCTCCGGTCCAAGAT; 3810740; ; [2]
TCTTTTCAGGCAAATGCCAGTAAAAACTGC; ; 1719164; [2]
CCATAACCGCAATAACGCCGGGACGACACT; 339046; ; [2]
ATTGTCCAGCAGGTCGAGTAGCGCGTCCTC; 4588616; ; [2]
GATATCATTGATAACAATCGATCCATCAAC; 4510091; ; [2]
GCATTATTGCTGTGCTGGAGCCGCGCTCGA; 4456841; ; [2]
GGTTGTCTTTGGGCAAAGTCTTATTTTGTC; 2934740; ; [2]
GTGCGTGTAGGGGAACTGATCAAACAGAGC; 4162205; ; [2]
TTCGCAGAAGCGGAAAAATTCCTCTTCGCT; 36369; ; [2]
GTATTCGTAACGGCACGGTGCCAAATGTCC; 916971; ; [2]
ACACCAGTTCCAGCACCGTTGCAACCGCAA; ; ; [2]
TCCGGTGAGTTCCGATGACGTCGAAATGGC; 433231; ; [2]
TGGAATCTTCAGTCGGTTCCGCGTTATCAG; 3315338; ; [2]
TGATCGTTATCAATTAAAATTACAAAGCAA; 1754678; ; [2]
ACACCCGACGTGCAGCATCGATGGTGTTAT; 173615; ; [2]
TATCAAGCTCATCATTAATCAACATCCCAA; 2024167; ; [2]
GACTCCGGTGATGTGGTGTTCTGAAAGCGA; 305726; ; [2]
GTCTGTTCCAGTCGGGTGATGACTACCAGC; ; ; [2]
GATAAATACCAAACAGGCATTTTAATAATG; 2239099; ; [2]
TTAGATTGTTTTCTTCGCCCGCAGGCATAA; 1907447; ; [2]
AGTAATGAGCACCGAGACTATAACCTACCC; 411272; ; [2]
TTGTTTGGTAATACCGACTATCAGGGGCTG; 3976601; ; [2]
TCACTATTAGACTCCACTCGTGATGTGAGC; 733856; ; [2]
CCCGTTGCTGTGGTAACTGCCATTGGCGGC; 2778589; ; [2]
GATAGGTGGTCCAAAGGTCATTGCTCTCAT; ; 1872324; [2]
AATTCCGAGGCGAGATGGGCAAATGCCTCC; 4369783; ; [2]
TGATGAATTTACTCAATATCCACTGGTGAT; 1178939; ; [2]
TGGCGAAAAAAGCGAAGCGTTTATTGTTGA; 4165606; ; [2]
TCGCCGCTGCGGGTGTCAGCGTTAAGCCTT; 1764310; ; [2]
TCGCCCTGGGCATGGTAAACCACATCCAGG; 3054439; ; [2]
ATTCCAATGATTTTATCGGCAATGATTCCA; 2773794; ; [2]
CCAGTCCTTCAGCTAAAGCGACCAGCAGAT; 4233067; ; [2]
GATTTACTGGCAGAAATTGACCCCAGCCAG; 2154351; ; [2]
AGCAATTTCTCAACCACTTCAACCAGTTGA; 4153885; ; [2]
ACGGATCTTCTACCACCGCAATCGCCGCCT; 530490; ; [2]
GTCAGGCCCGCCGATTTCTTTACCGAACAG; 653050; ; [2]
CTTCCTGCCGGATGCGATTCATCACCCTAC; 3827331; ; [2]
GTTCATTTCAAACGCGCCGATATCGCTGGC; ; ; [2]
TAAGCCTGGCTGCTAAATCAGGGGGAATGT; 4041659; ; [2]
AAAGGTCATCTGCTCCTGCGCCGGGAATTT; 2529207; ; [2]
CGAGGGCATTAAAAGCGTAAGTGCAATCAG; 4562099; ; [2]
CGTATCCTGCCTGGCTTTGAAAACCGTTGT; 2977033; ; [2]
CCATTACTCATCTTGCCATGGATGGTGTTG; 2286867; ; [2]
CTGTTCCAGCCTCGGGCTGGCAGATTTCCA; 2092226; ; [2]
GTTGAAAACGTCACCACGGCCTACGTGATC; 272457; ; [2]
AGTATCCTTTCCCAGCGATTGCATAGTGGC; 2288054; ; [2]
TAGGCCGTCAGCCACTGCGTAAACTGAGTG; 3775300; ; [2]
ATGTGGCGTTGTTTTTATCATTTGACGTCC; 152791; ; [2]
CCGGGCAACGATTGTGGCGAACAACGACCT; 247232; ; [2]
ATGAGCGAGAAATTAAAGATAGTCTATCGC; 1425376; ; [2]
TGTTTACCAAAGGCGGCGGACAGTGGCTGG; 4198454; ; [2]
GGGGAAAGCAAGCTTTCAGTCGGTTTAGCG; ; ; [2]
TTTCTTTGCCGTTTACCCTGCGCAATGCAG; 1658159; ; [2]
AATGAAATAACTGATCATCGCTAACCAGCG; 3858496; ; [2]
CAAATTCGCAGTCGTCTGGATGGGACTGAT; 487075; ; [2]
ATAGACTTTTATCCACTTTATTGCTGTTTA; 3719764; ; [2]
GGGATTGCCCCTGCTGGCTTCGTCGTCAAT; ; 1506007; [2]
AATGGATACAAGGTAGCCTCATGCGTTATT; 4624831; ; [2]
CTGCGCGCCTGCCGGGCTTACCCACTGCTG; ; ; [2]
GCTATCGAAACGCCACTCCATTAGCTGCAA; 2710047; ; [2]
TCGCTGGATGACCTGCAATGGTGGGGCGAT; 3228229; ; [2]
TCAGTTGATCTCTTTCTTCCCTGAAATTGC; ; 3755667; [2]
ATCTTTCCTAGCCGTATCAAGCCCAACCAA; 2757070; ; [2]
TCTATCCGTTCCCGGAAGAGAAGATTGGGG; 2950295; ; [2]
CTGATTATTTAACAGGTTAGCTATGAAGTC; 1216034; ; [2]
GCCAGTCCACATCCACCTCGGCCAGCTCCT; 274363, 574999, 688259, 1428008, 2066567, 2102157, 2289327, 3365964, 3652444; 1510721, 3244823, 3341368; [2]
GCGGCGAAACAACTTAGCCTGCCGCCTCAG; 3346691; ; [2]
GATCCCATAAAAAAAATTGCTTTCTATTTA; ; ; [2]
TTCACGCGCCCACCTCGGGTACCGTTACGG; 1707159; ; [2]
TCGAGCATCTCACGGACAATTTTAGTGATA; 1668397; ; [2]
ATATCCGGCATTTATACAGATTAATAATCG; ; ; [2]
CTCAGGGTCTGCGCAGAAGCACGCATCGCA; 2396978; ; [2]
CGATACACACAAAAATAATAATAAGTACAG; 2364433; ; [2]
ATTAACTTTACTCCCTTCCTCCCCGCTGAA; 2730690, 3428295; 433039, 474527, 605655, 699378, 4417415; [2]
ACGCAGGCGGCTGGCATCGGCAAAATGGGT; 2224048; ; [2]
TTGTGGTCATCTCGCGCACAACTTCACGAA; ; ; [2]
CAGCTGGGCCAGGTTCTGGGTCCGCGCGGC; 4179253; ; [2]
TATGCACCAGGCACATTTTTTTGACACCTT; 1417567; ; [2]
TGTTTTTGACTTATCCGCTTCGAAGAGAGA; 3648469; ; [2]
CCTCGCCGCGTTGCGTGCGATTGCCCACGG; 3826129; ; [2]
CGCGTGGGTAGCAGCGGCATTCTGCCGGTG; 339590; ; [2]
GAGAAGAAATATCACCTTTAAACCACGGCC; 1578063; ; [2]
ATAACTCTCCGCAGGCGTTTGAGCTGCTTG; 3387304; ; [2]
ACCGTGCGGATGCCAGAAAGCGCGGACATC; 906956; ; [2]
TATCGCGGTTTATGACCTGGGTGGTGGTAC; 12728; ; [2]
GGTGCCGTCGTTCAAAGAGCGGCACCGCCA; 1739638; ; [2]
GACCCCACCGTCGTGAATAAAGAAATCAAT; 3216161; ; [2]
ACAAGCGCGGCGGGGCGTGGATGGATGACT; ; 997716; [2]
TAGCAATAGTAGCAAGAATCCTATGCTAAT; 569770; ; [2]
CTGTGCCAGCTGCTCACCGTCTTTACCGCC; 1698847; ; [2]
TCAACCTATTCGGGCAATTGTATGTATTGT; 1116596; ; [2]
CATCAGGATGAAGTGTTAGCAGAAGCGAAA; 4486595; ; [2]
CGTGTCGGGAAAGCAGTTTATAAAATTCTG; 2687497; ; [2]
GTCAATGCGCATTATCGCCGACATCATCGC; 3061463; ; [2]
GCCTGCCTGGAAGAGATTGCCTGGCGTAAC; 3974351; ; [2]
GGCTACATACCGAAGACATTACCGCACGCA; 1025260; ; [2]
AAGTGCAGGCGGCAGCTTAATCATGTCGCC; 4305379; ; [2]
TTTGTGATGACGCTGGCGTCTATTTGCGCC; 1705904; ; [2]
TCTTACCGGATCTACATTACATTTATGCTT; ; ; [2]
CGCACGACTGCCGGATGCGGCGTAAACGCC; 375223; ; [2]
TCGAGGCCGATAAACGCGCGGTGGATCTGG; 4582401; ; [2]
GGGTTGTTGAAGGTACCATTCACTCAGACC; 3623675; ; [2]
CGCTGGATGGTGGTCGTTTCGCGACTTCTG; 4186109; ; [2]
CATGGCGATAGATACCGCTTCTGGCTTTTT; 1968853; ; [2]
TTGCATCAATCTCTTTACACAGCGCTTGTG; 902807; ; [2]
TTCTGGGCGCGGACGCGTTGTGCCGTTGGG; ; ; [2]
ATGGAGCAATCTCGCAGTGCAGTGGTGCGG; 811841; ; [2]
TCGTTTCATCAGCTTTTCCTTAGATTGAGG; ; 2570105; [2]
TTACGCACCCCGACATCGCCGTTAGCGCGA; 3242949; ; [2]
GCGCCGCAGTATGGAGGCAAAATCGGCGAG; ; ; [2]
ATCGATGTTATTTGGAGAATATGATTTTCT; 535732; ; [2]
CAGTCCTCGCTTTCCTTGTTCCTGACCGAT; 3949360; ; [2]
ATTTTGAATCGCCCGCTGATTACCGTTAGT; ; ; [2]
AATCTTTACGCATTTCTCAAACCCTGAAAT; 250833; ; [2]
CGCCAGTTGGCATCGTCCGCGAGGCAAAAG; 4302374; ; [2]
TCAGCGATGCCCTGGTACAGATAGGTGCGC; 3867147; ; [2]
ATTCGCTGTAACCCTTGCGTCTGGTCGCGG; 4416603; ; [2]
CGTTGCGATATGTTCAGGGTCATGGCCCCA; 3783532; ; [2]
TCTTTCAGCAGGAAGAAGACCATCAATGGC; 2615345; ; [2]
CGTTGTTTCTGCCCACCGGAAAGATTCGAC; 222202; ; [2]
CGCCGACAAAGCGCCGCTGGCGGCTGAAGC; 209339; ; [2]
GCTCTAAAGGCTCAAGGGTCACCTTGGCGT; 3440932; ; [2]
GATTCCCCCAGTAGCGGCGAGCGAACGGGG; 225989, 3943934, 4037749, 4168871, 4210273; 1215100, 1912699; [2]
TTTATTCCCATAATCTCAGATTTACTGCTG; ; ; [2]
CCCGCCGGTACTGAAGTCTGGCGATCAGGT; 3208796; ; [2]
AACCGATTTTCCCGGGTGTGCTGATTCTGG; 202272; ; [2]
TGCTCGCTCATCGCTTTCGCTTCTTCGCGT; 3164498; ; [2]
GGTATTGCTCACCGGTTTCCATGAACTGCC; 305884; ; [2]
AGACCATAGCTGGTGTGGTTTCGAGGGCGG; ; ; [2]
CGGTGTGATTGGCAACGTTGAGTATGTTCA; 4019186; ; [2]
TGCGCTGCGCCGTGAGGTTCCGGTACGTTA; ; ; [2]
AAAGTGACGCAAAACGGCGGTCACGTCTAT; 322562; ; [2]
GGCGGCCATCAGAACATAAAAGTTGATATC; ; ; [2]
GACGCACCAGGCGTTTTAGTGCCAGCGCAT; 1360139; ; [2]
CTGACGGCGGGTGCCGGGATCGCCTACGTG; 3390206; ; [2]
CCGCCAGCCAGCAGTAACAGAGTACCGGTA; 4073155; ; [2]
TGTTGCCACGCTGGACGCCGATGCGCTGGC; 920558; ; [2]
ATTGACTACACTACTCCAGAACACTTCCGG; 3398452; ; [2]
TGGCGCGAGTCGGTATGGCTGGCTCCAACG; ; ; [2]
GCGATTAAAGGGCAGGGCTTTTTCCAGGTG; 1135013; ; [2]
AGCGCGTGTTTACCACAAGCTGTAAGAGCT; ; ; [2]
TGATGCCAATATGGGCAACGAAGCCGATCT; 3738344; ; [2]
ATCGAAACCTTGCGGATCGACAATCGGCAT; 4229707; ; [2]
TTTGACGTCGCTACCAGGGTAATACCGCGA; 3379473; ; [2]
ACTCTTCCCTTTGGTCGAGTAGCCCTTCAG; 3736415; ; [2]
GCATTACTACAGTGTGGCCCCGCGTTTCTG; 1204969; ; [2]
TATGCTCGTGCTACCGGCAAAACTGGCGTA; 3950727; ; [2]
TGGACTGATTAATGCAGGTGCGCAGTGTAT; 1681109; ; [2]
GTCGGCGTCCTGCCAACAATGTTCAAATAC; 1288865; ; [2]
CCTTCATCGCTGCCAAAAGGAGATTCTTCA; ; 2103548; [2]
CTGGAGAAAATACATAAGAGCCCCTTGCAC; 4575211; ; [2]
ACAGCGAATCGGCATTGTCGCCGCAGGGTA; 1239663; ; [2]
ATCGGTTTGGCAAACAAAAATCCTTGCCGC; 1344808; ; [2]
GTGATCAAAGGCGAATCAACAGGTGTGGCG; 3937557; ; [2]
GAAGAGACAAAAAAGGTGCTGAAACTTAAC; 4557603; ; [2]
TGAGCGCGGGCCACCGGAATAGTGGTATTA; 2657673; ; [2]
AAATCGTGGTGGAAGCGGCGCGTCGTCTGC; 4017157; ; [2]
GTAAAGATTACCCTCAAACAGCCGTTCTCA; 869836; ; [2]
GAGCCTGACCCCTGCCCTGTGCGCCACCAT; 3661870; ; [2]
TACCGATGCCTGCGATGGCTGTGGTGAAAG; 204835; ; [2]
CGAGCGGTTTCCAGATGCCTTTCCAGAATT; 4081978; ; [2]
TATCAACCAGCAAACATGGATCCGGTGGCG; ; ; [2]
CACTACCGCGTTACACAGGTTGAATGGACC; ; ; [2]
ACTGCCTTACAGCAAGCCGCATCCGCAAGT; 1809807; ; [2]
AGCAACCGGTTGGTGTTACTCACTACGGTA; ; ; [2]
CGAAACACACTGGTTTTCCCCATTCGGAAA; ; ; [2]
TGCCTGAGCCAGAAGTGCCACGACAGTCCT; 493184; ; [2]
TAAAGCAGTTGGCGATGGCAGCAAAATAGT; 1168507; ; [2]
CAATCTCGACTGCAATTCTCCTGATGTGGC; 767877; ; [2]
CCTGCTGGGTGATGAGTTAACCCACCTGAC; 205349; ; [2]
GCAATACTGGCGCGGCCTTTCCGGCTGGAA; 3698257; ; [2]
CTCCGACTTTCATCCTGTTCTGACTCCACC; 2168627; ; [2]
TCATCAGCGGTGTTTATCTATTAAAGCGGT; 329348; ; [2]
CGTCTTGAATTGCGCGTGCAAGGTCGCCAT; ; ; [2]
AGCTGACGTAGCATTTCACCGCCGAGGCGG; ; ; [2]
CAGGGGCAAAAGGTTCACCAACCAACGGTA; 184390; ; [2]
GATCGGATAAGGCGTTCACGCCGAATCCGG; 3042394; ; [2]
CCCGCGTCGAGATTTACAGTATTGATGAGG; 1231462; ; [2]
CTGATGAAGCAGAACAACTTTAACGCCGTG; ; 4276481; [2]
GCAGAATTTCCGGTTCCGGGTTCGCCAGCG; 2577494; ; [2]
TTGGTTAGCGAGCAAAAAAAATCTTGTGAT; 2484522; ; [2]
ATTCCACACCAGAGGGCAGCACTTTGACAC; 2874560; ; [2]
CATAAAGTTGCCGGTGGCGCTTTGCGAGAC; ; ; [2]
AGCGAATGCTCCGAGAAGTTGAGCAAATGC; ; ; [2]
TGGCTGGTAACGTAGACACCGCTCATCCGA; 2212459; ; [2]
CTGAAGCTAACGGAGACATCGAGCTGGCAA; ; ; [2]
AAGATCCGCTGCGTGTTATTGGTTCGTTTG; ; ; [2]
CGTCTGTGATGCAGTTTCCGTATCACGATT; 4609627; ; [2]
TAATTTCAGAAACGCTTCGCGGCCTTCATC; 38860; ; [2]
ACACGGGGGCATCGGGAATCCGGCTCATCA; 2033267; ; [2]
CCGCAACCTGACCAACCGCATTCGCTTCAT; 1934288; ; [2]
ACACCCTCGCCCACGATGACGGCATTTCGT; 1787847; ; [2]
TGGGGAGGAAGCCATATGATCATCCACTTT; ; ; [2]
CTGCACTTCCGGGGAAATTTGTAATAATTC; 2258313; ; [2]
GGTTTTTATCGCCTGTCACCCGCACATTAC; 790830; ; [2]
CAAACATGCCTTTCATTAATTCGCTACGCC; 1984159; ; [2]
TGAGTTGCTGACCATCTTTGGTTTTCAGCA; 4599789; ; [2]
CGCTGGTGACTGAAACCTCTACCTTCTGGC; 1549150; ; [2]
CCAGGAGCCGTTTACAAAGTGAACGACAGA; ; ; [2]
AACTCGGCGCGAGAAGTGGTGATGTTTAGC; 78019; ; [2]
TGTTTTTCAGCACGGTGTTACCGTACCAGG; 2327611; ; [2]
CTGTAGCGCCGCCGGGAACTGTAACCCTGC; ; ; [2]
CTTGCTACTGGCGTGGGTATTGTTTTTATC; 1602047; ; [2]
AGATGCCAGCCCGCCGTTAAGCCAAAAGTA; 2228301; ; [2]
GATGGCGTGCGCATCACCGGTTTCCACCAC; 3703125; ; [2]
ATTCCACAATGTTCAGCCCGAGCATCTCTT; 1767628; ; [2]
CCTGGCTACCGCTGGATACCGGCTATCCGG; 615747; ; [2]
TGTCCACCCACTCCTGAACAGTTTCTTCGG; 1716915; ; [2]
ATTGCTTCCCGCAAGCAGCAATAGTCAGTG; 2273667; ; [2]
CAGGTGAGCAAGGGGGAAAAAAGCAATACC; ; ; [2]
CGGCGTATGCATCAGCATTTGTGCCAGTTT; ; 1113321; [2]
GCAGAAGGTTCGGTAAACGGGAAGTAGGAA; 1798178; ; [2]
ATCGGCGTGGTACCGATATCCCAGCTCCAG; 3686513; ; [2]
GCTGAAAACACGCGTTTCATCATTCCTCGG; 2970769; ; [2]
AGTGCGCCAAAAGGTTCATCCATTAGTAAG; 2216913; ; [2]
CTGCTCAGTAATGAAAATGTTGATGTGCAG; 2215069; ; [2]
ACACTGCGACAGCGTTGTCCTCGCGGCTTT; 315726, 567277, 2170671; 3546651, 4249187; [2]
TGACCTGACAAAGCGTGGCGAGATCGTAGC; ; 3799242; [2]
GGCTACCGCCGCAATAAGCGCGGCAAAGAA; ; ; [2]
TGCACCTTGCGCCGACCTCCAGCACCGTCA; 2830257; ; [2]
ATTGCCCGGCAGCATGATGTCCAGGCGATT; 4503182; ; [2]
GCTTGCTGGCGCAGGATCTGACGCACGGCG; ; 1311659; [2]
CAGGCAGCCAAAGTTGCCGCAGTGGCAGCG; 700799; ; [2]
TGCCCTGATGGACATTGACCCCACCCGCCT; 4342017; ; [2]
GCCCATTTGGATAATAAGTTGCTTAATGAT; 821268; ; [2]
GGCGGCGATTTATCAACTGGCGGGGCAGAA; ; 3564245; [2]
TCAACTGATCCTTAACTGATCGGCATTAAT; 4503487; ; [2]
CTGCGATAGATGTTCTCAATGAAGAACGTG; ; 1210271; [2]
GAACGCAGTAAACCTCGCTGTGGTTTGCTT; ; ; [2]
AGCGTAAAAGCGAGTAAATGATCCCGATCG; 1589696; ; [2]
GCAGCCGTTCAGCGTAGGAGAAGAGTACCC; 819323; ; [2]
GAACGGTTACATCCAGTATGACCTTGCCGA; 3228453; ; [2]
AGCGATCATTAGCCCAATAATCACCGTGAT; 3939583; ; [2]
GAAATGGTGATTTTCATTTCATGCTCTCAG; 2099596; ; [2]
ACTCCAGCCCATGCCAGAAACATCAATACC; 1880565; ; [2]
TTGCCACCTGATATCTTACAGTTTCGCCGG; ; ; [2]
TGGTGATGATGTGCTTGCCTTTTTTCTGAT; 2661233; ; [2]
TACAGCCAAATCAACAGTACCAGTCCTACA; ; ; [2]
TGGCGAATTTTACGACTCTGACAGGAGGTG; 657997; ; [2]
CCATCTCAACACCCAGCTTAACAACGGTGA; 3794543; ; [2]
GCCGAATGGGGATTGAATGGCATGTACTGG; 917751; ; [2]
GAAACAAATACATGATGTGGATCGTGTGGA; 4174367; ; [2]
TTTGCCAATATCTGCGCCATCAAGCCCGAT; ; 3230891; [2]
TGTCAGCCGCAGAACACTTTAATGGCCAGT; ; ; [2]
GGAAGATGTGTTTAATCGGGCATCTTCTTC; 2997997; ; [2]
GCAGTTCATGGCCAACTTAATGATGGCGGC; 964727; ; [2]
CAGAGAAAGGAGCGGGAGAAGCGCATTATG; ; ; [2]
CCAGCCGGGAGCGGGCGATTGTGATCGTCG; 36733; ; [2]
CTCGGTCAGGGCGTGTGGGCGGAGATGATT; 2181320; ; [2]
CATAATTCCGGCGAATAACAACCCGGCAGC; 888553; ; [2]
TTGCCGCGTGACCCGCGTCAGAGCACCGCC; 4591986; ; [2]
TTTTCAGTCCGGTTATGCTGCTGATATGTT; 708563; ; [2]
GGTTATGGATGTATATTGCGCTCAAATGCG; ; ; [2]
CCATTTCTACTGTGAGTTAGCCCTGCAGCA; 1341096; ; [2]
TTATGCGTCAGCGGATAAAACACGGTGCTG; 552049; ; [2]
CAAGTCACCGTGTCCAACGATAATGGCAAG; ; 3651584; [2]
TACAGAACGACAGAACCCGCATCCAGACGA; 732691, 734562, 3765291; ; [2]
AGAATACCGGCAATAAGCCCAAAAATAATC; 1879208; ; [2]
TGATTGGTGCTACGTCCGAGTTTGTCATCA; 1793181; ; [2]
CTCTTCTCTCAGAAAAAGTCCGTCAGGCCA; 1960074; ; [2]
ACGAAGGGCAGGGAGATGACGACGAAAGTA; 4191421; ; [2]
GCCAGTCCCATGATGATGGCGACATCCGTG; 3259437; ; [2]
AGCATTAAATCATCATAATCAACGTAGAAT; 1229582; ; [2]
CAACCGTTTCTGGTGCTAACGGTATGGGAT; 2175897; ; [2]
GGCGAGAGCGAATATTTTCGCGCAGATAGA; 3988207; ; [2]
AAAATCTGGAAGGCAATGCACTTGAACAGG; 3021161; ; [2]
ACATGATCCGGGTAAAACGGTGGAAGGTTA; 1954340; ; [2]
CATTAACTGTATTGCGCTGGAAAACACCAC; 277391; ; [2]
AAGCGGCAAAGTACGCTTCACGTTGAGCAG; ; ; [2]
TGACACCGCCGCCGAGCGAAGTGGAGCCGG; 935759; ; [2]
GAAGGCTCCCAGACCGGTTGGCATGGTCCA; 1820017; ; [2]
CGTTACCGGAAAATGTTACCTGGTTATCGC; 581786, 1432684; 3007041; [2]
GCAGGAACAATCGGATGCAATCCGTTATGA; 253892; ; [2]
TGATGCCTGTCGCCGCGTGGCATTTGAAAA; 1702450; ; [2]
TATTGAAAGAAACAGTTTTCTTATTAAGCA; ; 3043326; [2]
CCCCAACTAATGATATCGCCTGCTCCTCCA; ; ; [2]
GCGCCCATCACCAGTGCCGCAGCAATAGCT; ; ; [2]
ATGCGTTGTGCTTCATCGGCGGTAATATGG; 4088398; ; [2]
ATCGCCACCGCCCAATACCACGACTCGCTT; 3029548; ; [2]
GCAAATTATCGATTTAACCACACGCGAAGC; 3743882; ; [2]
AGCCAGCCCCGCGGAGCCGTACAGGCCGAC; ; ; [2]
AGGTGAATTGTTGCTGGCAACGGCGTTTAC; 3834566; ; [2]
CCGGCGCTGGCGGTAGCGTTAGGTCATTTT; 2606636; ; [2]
AATAACTAAATCCAATAATCTCATTCTGGC; 2323359; ; [2]
GACTAACTCATCCCGCGAGCGGAAATCACC; ; ; [2]
GGCGTCTACGTTTCACCACAACACTGACAT; ; 650803; [2]
TCTCTTTCGATCTGCGTGTCGAGCCACTGA; 1683098; ; [2]
TATTGTTCTCATTGTCGGGCTGATTTTCTT; 774562; ; [2]
CTTAGCCTGCCGCCTCAGGTGGTTTTTGAA; 3346703; ; [2]
GCTCCAGCCACACTTCGTAACCCTGGTCCT; 3353620; ; [2]
TAATGATAAAAAAGAACCCAGGCCCCAATG; ; 3628281; [2]
ATTTACATTGCAGGGCTATTTTTTATAAGA; 2685759; ; [2]
CGTGCAGATCCATCTGACTGTCGTGTAACC; 3084623; ; [2]
GGCTCGCGGGTGAAATCAATCTTCCATTCG; 415676; ; [2]
CCGTCTGTCTGCCGTGTGGCTGACGCACGA; 730448, 3620057, 3763048; ; [2]
ATATCGTGGCCGCGTGTGGCGGGGCGTTGA; 1063416; ; [2]
AAAGCTCTGATAGGTATTTGCGTACCTTCA; 569630; ; [2]
AGGGTTGGACAGAAAACACGCGAAGGAATT; 1520228; ; [2]
AAAAACCGTCAGTATTATTTCCGGCGGCAA; ; 1376535; [2]
TGGAGATCAGCCACATCACCAGAAAAAAGG; 1976110; ; [2]
GAACAGGACCGGAAGCTTTTGAATCGCCAC; 438929; ; [2]
TGGGGCGGTGGTTCGCTGGCTTCTCACGGT; ; ; [2]
CGTTGTTGCATCTGTTCTGGTTTTCTCTCT; 2211253; ; [2]
CTGCGATGTCCATCACCCCTTCGAGCATAT; 691588; ; [2]
CCGTCAGTAGCTGAACAGGAGGGACAGCTG; 20461, 258573, 279828, 291299, 1979168; 1058123, 3591773; [2]
TATTATCTTTTAACTGAACGTTGAGGCTCA; 3352691; ; [2]
CGGATAAGCACTGCGTTTACCAGCGTGGGT; 3052717; ; [2]
GTGATTGGATCATTGTGTATAGGCGCATCG; ; ; [2]
GATTTCCGCTTTCGGCGTCAGTGCCGCCAC; 2823301; ; [2]
AAGTTGATCAGCGAATCAACCAGATCGCGA; 3564332; ; [2]
AAATGATGGCTGCCTCTAAGCCAACATCCT; ; ; [2]
TTTACGCCGTTTTTGTGTGCATTCACATGG; 771326; ; [2]
GCAGATCGATAGTTGTGACGGCTTCAGTCT; ; ; [2]
TGATCCGTTCATGGTCTTTCGGTGAAGTTA; 4185434; ; [2]
CCAATCTCTTCGCCCTGGTAGATATACGGC; 4463609; ; [2]
ATGTCTGATTTAGCGACCCTGTTCCGGCGG; 1394881; ; [2]
CTGTATCCCTGTCAGGCTCAGTACCAGCCC; 1912492; ; [2]
GGAACAGTGCCCTGTGCTGGTGTAGCCGAA; 3469485; ; [2]
CAATAAAGAGTGACGGCCTCAGCAGAGGCC; 1674934; ; [2]
ATTCGACTTCTTCAACATCTCTGGTTCGGT; 3106675; ; [2]
TGCCGAGTGCATCGTCACGGATATGAACTA; 3007982; ; [2]
TTTATCCGTGACCAGAAACCGGTGGTGGAA; ; ; [2]
TTGGTGCCAGTGGACATCAACGTTACGGCA; ; ; [2]
GAATGGGCGTTGCCGCCTGAGATGAAGACT; 3298098; ; [2]
CGCCCTTTGATTAGCAACTCTGGTTTTCTT; 1893893; ; [2]
CATCAAAACTGGTTAACTGAAAAATATCGT; 765619; ; [2]
GACGGTGGCAAAAGCGGAACTCTGCGGTAG; 1148661; ; [2]
CCCAGCAAGCCTTATTGCGACACCCGGATT; 2282264; ; [2]
GACGGTCCGACAGTTTTTCATCAAAACTGG; 765601; ; [2]
GCGAGAACGGCGTACCAGAATACCTTGCTG; ; 1691430; [2]
CCGCGATGCGTCCGGGCAGATTTTCAATGG; ; ; [2]
TGCTAATTGTTTTACATCTAAAGGATGTTG; ; ; [2]
GGTGCATAACGCGGTGGTGATGGAAGAAGT; 4424235; ; [2]
GTTCACCTTGCAGATACGGTGCCACCACAA; 3923478; ; [2]
AAATACCGGTAGGGATATCTTCAATCAGAT; 4159739; ; [2]
GCTTTCCCTTCAGGCGGGATTCATACAGCG; 19974, 258086, 279341, 290812, 1978681; 1057636, 3591286; [2]
TTTCGAAGTGCCGAAAGAGCTGCGTGTCGA; 27178; ; [2]
CAGCGAAAAAAGCAGGCAACGTTGCTGCTG; 191001; ; [2]
TAGCGTTTGCCCGGATAACCTTCAGCATAT; 2685316; ; [2]
TTGCCATTCTGGCGGCCGCAATCCTTGTGG; 1339564; ; [2]
AAATAGCCCAGTTCAACACCTGTCTGGTTA; 3900832; ; [2]
ATAATAAGTTTATTCGCATCGCGAAGCAAA; 2517873; ; [2]
GCTGAGTTACTGCCTCTTGAGGGCTTTACC; 4501547; ; [2]
TTTTGGCCTGTCGATGGTGTCGCGTCGTCC; 871193; ; [2]
AGAAGGACGCACGTCAAATACCAGCCACTG; 3869177; ; [2]
AAACGAGATAGCGTGGTGATGGTTGAAAGG; ; 2695202; [2]
CAGTTTTAAGGTTTCGCTGGTGAGGCGGAC; 2122811; ; [2]
TTGGCATCGTCAATCGCGGCAGCAAGTTGA; 1091624; ; [2]
TGTCATCACTCATCTTGACAAATGTTAAAA; 813287; ; [2]
GTCGCCTCTACCCTGAGAACAACGAAGCTC; 1904045; ; [2]
GCACATGGCGGGTAAATTCCGGTCAGCCAT; ; 181397; [2]
GCCCTTGGCCTGGCGATGATTGCTGCCCTG; 3642052; ; [2]
ACCGCTCGATCAGTTGATGCGCTACGTGCA; 4006528; ; [2]
GGGCGGCGGCGATCTGATCACCCTTATCTA; 2604145; ; [2]
CTGGCAGGATAAACAAGCCCATGAGCGTAT; ; 4573764; [2]
GGTTTCACCGGTGAATGCGCCGGACAGGTT; 4111273; ; [2]
CTGCAGAATGTTACCGCTGGCAAATGCGCC; 3682991; ; [2]
CAAGTTCCAGAAACCGTCACCCCACATTTT; ; 2316726; [2]
CGCGAGCAGCTGTAAAACCACGTCTGGGGA; ; ; [2]
CGCCAGCGACGATGTACAAGTGGTATTGAT; 818248; ; [2]
AAGGCACCTTAATTAACGACATACAGCCTC; 4070379; ; [2]
GTCAATACACGAAGAAAAAAAACACAACTT; 3333560; ; [2]
TTGCCGCTTAACCTGAACATTGAAGAGTTT; 4444795; ; [2]
CCGGAGTTAACCCTTTCCCGTCCGTATGCG; 4288288; ; [2]
AGCAGACGTACAGGAGGCGAACATCATAAA; 41625; ; [2]
AATGCCTGATAACAGATTTAGCGATCAGTT; ; ; [2]
TGAGCCAATGACGGAGACTTCCGCATTTCA; ; ; [2]
CGTGACGTGCTATCAGGATGTGATGGCCTG; ; 4467861; [2]
GCGTGCTGTATGCCGTACTCGCGACGCTGA; 3408903; ; [2]
GCTGCACGAGCTGTTGGCTATGAGGGAAAT; 3333871; ; [2]
ATGTCCAGGCCACCCGGCCTTTCGCTGGTG; 3922217; ; [2]
CGTCTGCACTAAAGAGCCTGCAAGGAAAGT; ; ; [2]
AGTACAGCGTTTTATAAATTGTCTCAGGTG; 4508094; 3171772, 4370527; [2]
GTTCGCTGAACAGGGGTTCATTGGTCTATT; ; ; [2]
TCACGCTGGCCAACCTGTTTCGGGCGGACC; 1300485, 1397030, 3131132; 989409, 1275889, 2352526, 2539696, 2575286, 3953594, 4066854, 4367490; [2]
GATGCGGCGTAAACGCCTTATCCGGCCTAC; 375236, 899699, 2001971, 2316886, 2347163, 2538538, 3330463, 3984223, 4325854, 4325954, 4326054, 4326154, 4326254; 181158, 268361, 323657, 356321, 392211, 578063, 588093, 614153, 614251, 900595, 1043161, 1406933, 1806508, 1986590, 2301262, 3506973, 3573205, 3809270, 3835675, 4090146, 4132839, 4132940, 4425568, 4615861; [2]
AGAAGTTAAATAACCATGCGGAGTACCACT; 2067875; ; [2]
CAATCGACGCCGTATTCCGCTACTTTCAGC; 2641493; ; [2]
GAAAATAATTAACCTTGAAAGTCTAAGTTA; 1667257; ; [2]
TACACAGCTACAGCAAAGAATGGTGCCATC; 1006520; ; [2]
CGCCAGGTGACGGCTGGTGTTGGAGTTTTC; 988250; ; [2]
TACCAGCGTCGCCCAGCTCCCCGCAGGTTT; 930584; ; [2]
GACGCTGGCAAATGGCGCTGTACGTCAGGT; 778425; ; [2]
CATGCGCGGGCGCAAATATTACAGCCATTG; 1750846; ; [2]
GATAGTTTTACTCGCTTCAAACGCTCAGGC; 1065619; ; [2]
TGGCAGATCTGACGCGTTTTTACATAATCG; ; ; [2]
CCAACCGACAATAGTGACAATCACTACATT; 1184420; ; [2]
TGCTAAACGCCACGGCGTGAACATCAAAGA; ; 4408935; [2]
GTCACCCACCCAGGTAATGCATCCCGGCTG; ; 1138339; [2]
TTGCTTTATGCATCAGGCTGCCCTCACGAT; 1209106; ; [2]
GCGAGGTTTTCCGTTACGCTATTGTCACCG; 2467037; ; [2]
AATCACTGGAAGCCATTGGTGAAGCGTTGA; ; 3763801; [2]
ACATAAATTCACCTGGTTAACTTATTCATC; 501272; ; [2]
GTAAAAAGAAGAGATTGTTTTCGGCATAAA; 6824; ; [2]
ACCAGCGACAGCGACAGATCGTTGACACCG; ; ; [2]
TGAAGCCTGGCAGCGCAGGGCTGTTATCCG; ; ; [2]
ACCAAACTGCGCACCCAGACCAAGATTTTG; 1687507; ; [2]
GGGTTATTTCATCCACAGATCCTTTTAACA; 4221478; ; [2]
CAACAAAAGGTTCAAAGTCGTCACCGTGCG; ; 3419618; [2]
CACGGCGAAGAAAATGTCCGTTGGTCAGAT; 3245861; ; [2]
CGCAGACCAGGGGGCATCACGCAACGCGCG; 2627873; ; [2]
GCACCATCGTGACTTCGGGAATATCCGGTG; 3678058; ; [2]
CAGCAACCTCCTTATCACCGTCCCGGAACC; 1491947; ; [2]
TCAGTGCCAGCACAATCTCAACTACTGGCG; 3098003; ; [2]
AACTGGCTCCGGCCAGTGAGGAAGGCGCGA; 2865746; ; [2]
TGCATTTTATTCAACGCCTGCCCAAGAGGT; 2037475; ; [2]
CCACTGGCACAGGCGGTTTTATCGCAGAGA; 3251147; ; [2]
TCATGGTCTTTCGGTGAAGTTAAAAAGCCG; 4185442; ; [2]
TAGCCGTCCGCTGGACATCGACCTGCCGCA; 94849; ; [2]
GCAGGGATCTTACCGCTGTTGTTTACGCGT; 946377; ; [2]
GTTTTATCGTTCTGGAGGAGTTGCGCTGGG; 4329861; ; [2]
GTAAGTTCACCACGGAACGCTTTTGCCAGG; 4580194; ; [2]
GCTTCACTCACTGGTTGGCAGAAATCCAGC; 3962039; ; [2]
ACCACCAGGTCTTTTGCTACTTTCATGATA; 3478471; ; [2]
GTCACCGCACGGTCCATTTTGCGGAATCGG; 2278123; ; [2]
AGCTTGCGAATATCGTTGGCAGCATTAGCG; 3217847; ; [2]
GAGATGATGCTGGTGCTGGCGCTGGTCGCT; 3461497; ; [2]
GTTTTGTGGCGGCGGTGCTGCCGGTGTGGT; 630683; ; [2]
CTGGCAGTCCTGGCCCGGTGCCGACATCGA; ; ; [2]
GCGTTAAGCCACATTTTGAGGCGACATTGA; ; ; [2]
GACTGGCGGAATTGGCCTCGCGAAGTTCCA; ; 1400153; [2]
CAGAGAATGTCTTTTCAGCGCATTCGCAGG; 1161688; ; [2]
TCTTCGTAGCAGTATGCCGTGGCGAACGTG; 3948260; ; [2]
AATGGCGTTTTTCACCAGCAGCCCCAGCGG; 3257344; ; [2]
GGCGCAAGGGTATCAAAACGCTCTATTACA; 2803397; ; [2]
AAGTAAGTCTGGAAGGTAAAGCTATGGAGC; ; 1635843; [2]
TCTCTTTGTTTTCCTGTAGTTAAGTTGCGG; 511526; ; [2]
ACCTCGGTTCCGATCTGATTCAGGAACGCT; ; 1909634; [2]
CGCGTCCGACTCTCTTCAATCTGCTGCGCG; 681939; ; [2]
CCGCATAAATTATCCTTATTTTATTTTTAG; 3079324; ; [2]
TTCATCCGGTATGCATAGGCCTGAATCGGG; 4557447; ; [2]
CTTCTTCTTCCGGCGTCACGACTGGTTGTG; 910481; ; [2]
ATTCATCCGCTCTCGCCTGCCGCACAGCAA; 548155; ; [2]
TGGGAAACGATGATTGATACCAACAACAAA; 1627810; ; [2]
TTTCCAGACTCTGGCTAACGGTCGTATGCA; 2443982; ; [2]
GACAGGCGGATTCTTCAGCCGCTCATCGTC; ; 805195; [2]
CAGCTGTTCTTCTCTCGGCGGTTGTGATTG; ; ; [2]
AGAAAAGGTCCATCAGCCAGGTTTTCCCGC; 3379723; ; [2]
AATCTGGTGGTAATAGCAAAACCTGGGCCG; 4249298; ; [2]
AGAGTTGACCGAGCACTGTGATTTTTTGAG; 455094; ; [2]
TTGAGAACTTAACCCCGCTGCACGCAAACT; 3966813; ; [2]
TTGTCCCTTCTGGCGCTGTAAAAGACGACC; ; 3147332; [2]
TGATCATTGAGCGAACCTATAACTCAACGC; 3022444; ; [2]
TGGGGAATCGCGCACTGCCGGAACGTATCC; 4034294; ; [2]
TGTTTGTTTGATGTTATGCTTTTGCGCCCC; 583189; ; [2]
CGCGACGTTTGTCACCGCCGTTTGATCGAA; 3207466; ; [2]
CGCTTCGTCGAGCATCGCCAGCTCCACGCC; 2557875; ; [2]
CGTGCCGACGTTAATGTGCGACAACATCGG; 2126449; ; [2]
CAGTGTCGCCGTCTTCATTCCATGAACGCT; 153715; ; [2]
